{
  "model_type": "mlp_light",
  "input": {
    "mean_": [
      0.17597927974114305,
      0.003789227005241995,
      298.8707627118644,
      300.09957627118644,
      301.1779661016949,
      302.11228813559325,
      303.5614406779661,
      304.90677966101697,
      306.10169491525426,
      307.57838983050846,
      308.896186440678,
      1.3177966101694916,
      1.4766949152542372,
      1.194915254237288,
      306.20889830508503,
      55.397639103131006
    ],
    "scale_": [
      0.6571508730817223,
      0.7329185936162503,
      289.169460596708,
      289.2141394786858,
      289.10173950651654,
      288.9202321177384,
      289.22684860478745,
      289.4140848272751,
      289.39135837514556,
      289.6344536418111,
      289.742550514551,
      115.67676995408145,
      115.64393906865037,
      115.51432580277992,
      278.80783553929814,
      54.77805810354966
    ],
    "n_features_in_": 16,
    "feature_names_": [
      "sin_t",
      "cos_t",
      "light",
      "light_lag1",
      "light_lag2",
      "light_lag3",
      "light_lag4",
      "light_lag5",
      "light_lag6",
      "light_lag7",
      "light_lag8",
      "d_light_0",
      "d_light_1",
      "d_light_2",
      "light_roll_mean",
      "light_roll_std"
    ]
  },
  "output": {
    "mean_": [
      309.9406779661017,
      311.3813559322034,
      312.60593220338984,
      314.41737288135596,
      315.92161016949154,
      317.08262711864404
    ],
    "scale_": [
      289.61303938633563,
      289.8583718889169,
      289.8119228789166,
      290.5609302533779,
      290.8705085658213,
      290.7247729322151
    ],
    "n_features_in_": 6,
    "feature_names_": [
      "light"
    ]
  },
  "created_at": "2026-06-29T21:37:21.761333",
  "fitted": true
}