{
  "model_type": "mlp_temp_hum",
  "input": {
    "mean_": [
      0.17597927974114305,
      0.003789227005241995,
      26.048008474576285,
      26.046843220339,
      26.046186440677985,
      26.045614406779677,
      26.046758474576286,
      26.038220338983066,
      26.029364406779678,
      26.021737288135604,
      26.013750000000012,
      -0.00798728813559322,
      -0.0076271186440677995,
      -0.008855932203389837,
      26.029966101694917,
      2.189138416074314,
      58.83722457627116,
      58.84067796610167,
      58.840826271186415,
      58.844491525423706,
      58.840317796610144,
      58.85976694915251,
      58.87908898305082,
      58.89633474576268,
      58.91495762711862,
      0.0186228813559322,
      0.01724576271186441,
      0.01932203389830508,
      58.87809322033897,
      2.761205177791346
    ],
    "scale_": [
      0.6571508730817223,
      0.7329185936162503,
      3.455001388299072,
      3.4570184678830604,
      3.457389205423978,
      3.4583984677141193,
      3.4577876795113838,
      3.4680875967266696,
      3.4690164340559204,
      3.4772637351119684,
      3.477614570149624,
      4.176237609096855,
      4.176548312914868,
      4.177546108389356,
      2.659691927910689,
      0.41771013631406056,
      6.052090734171971,
      6.055499773467396,
      6.055719067744592,
      6.059774335376763,
      6.0526810581944295,
      6.057820039595758,
      6.078550700553601,
      6.082386135375634,
      6.098284594720427,
      4.81636585976083,
      4.815265762481808,
      4.813041073050431,
      5.301038327275346,
      1.0809768730350213
    ],
    "n_features_in_": 30,
    "feature_names_": [
      "sin_t",
      "cos_t",
      "temperature",
      "temperature_lag1",
      "temperature_lag2",
      "temperature_lag3",
      "temperature_lag4",
      "temperature_lag5",
      "temperature_lag6",
      "temperature_lag7",
      "temperature_lag8",
      "d_temperature_0",
      "d_temperature_1",
      "d_temperature_2",
      "temperature_roll_mean",
      "temperature_roll_std",
      "humidity",
      "humidity_lag1",
      "humidity_lag2",
      "humidity_lag3",
      "humidity_lag4",
      "humidity_lag5",
      "humidity_lag6",
      "humidity_lag7",
      "humidity_lag8",
      "d_humidity_0",
      "d_humidity_1",
      "d_humidity_2",
      "humidity_roll_mean",
      "humidity_roll_std"
    ]
  },
  "output": {
    "mean_": [
      26.004936440677973,
      25.99682203389831,
      25.99745762711865,
      25.98101694915255,
      25.972690677966106,
      25.96311440677967,
      58.931377118644036,
      58.95038135593219,
      58.86173728813557,
      58.759131355932176,
      58.780105932203355,
      58.795254237288106
    ],
    "scale_": [
      3.4873313087484497,
      3.4875311289087767,
      3.4871397964619875,
      3.497069993878533,
      3.5056827603455947,
      3.5057316633458515,
      6.107544619690495,
      6.128648745668822,
      6.438804463099755,
      6.774204178642098,
      6.779466926743743,
      6.794994850631541
    ],
    "n_features_in_": 12,
    "feature_names_": [
      "temperature",
      "humidity"
    ]
  },
  "created_at": "2026-06-29T21:38:04.104093",
  "fitted": true
}